aba1301af627506cf67fd61410800b37c973dcb6,ab04e1465a990422434398f6c420a8a08efe5c0b,0.82863
5f3ebf2c443f7010d3a5c2e5fa77c62b03ca1279,ab04e1465a990422434398f6c420a8a08efe5c0b,0.80972
3d57ce2f5149f1d9609608bc732d86637fe20cce,ab04e1465a990422434398f6c420a8a08efe5c0b,0.82214
f43c6ac9282f31a105fff378d30c42c025957c60,f69be42e279d68b5240177513929116195b2cda5,0.83717
9d927a43f4b31efe9b1403a43b4b958e2397cfb0,878d9c827cb40479971a77ec50c8391a4d30df64,0.87588
e3dc592a0fa552beb35ebcb4160e5e4cb4686f17,14ea99a17d43d28fb016c97c5e7d258e7a01bd94,0.84081
42f0326e4cf5d085cf0dfed1059302abf2ad524b,054d524825c71eb6381387abce6516d34453fb21,0.8845
c8e1100b1e38e5c5e671a23cd49d98e315b74a36,a50f660264f3ccd4346222122ef46a6f52abc22b,0.86333
34c6db3dd8bd6a1d8f9480bd4c5abc93f8d0896f,e4f79d3485a9e9cb7a6df4d63d57682c49402d47,0.84105
a820223a0f08d43bad30c48c047e750f017e368d,cf92f85489f6d0bfd5129cba431abb54a3ad9f3c,0.83987
5e99d685ff844691b60ffc949e3a282ecc99406e,822b11872c96c52b127bb23376ed4f1919d93d88,0.89579
eb85b7dd3df9b42ee9adec1201801ec23a41846b,de70aa0a309dfe512b46f08a756321c0e34cc7bf,0.83434
4d7277589474fcf1a91c09ebca14b814351f832d,5c7ed69fb82cf1ab406491c447991e9378bd3682,0.86726
41742f9ae5c9717365c73a02839c4c3098ac2473,8351db3800fa12b3dda8083ce44a57fe97121e4d,0.85504
4e671d79e4d66d397536b2b478212f191b8b4427,470c83584d7803e4a87986c794834dba6810df0a,0.88294
5fad7a471b0b293c2640410c406f33c7bfae113a,322c47b43747d1fc9786606dc99f361ac6021b7a,0.85992
7799c4caa0314350fd139b87e43ce8256339a939,b779bc9cd1b702490da46ff0dd8a4e1f39b7c48c,0.81592
8f744498910787730111c675964663f486566f7f,7a20170ce59a5b99c17cb9b1cae81840845f27d6,0.88063
fa75847dfee24d9d13ff806deba30ec7d2f2b6d7,75ce30239a13d393649a63002c2e42249ea73a60,0.85215
2a39805bff9f3eb9959e64bfc0dad13724a71006,38f6e418cb58ce4e02c85c02c4af24ea35ae7f99,1
8c6a6ff8c3ebd35692742b62efc9ee35b5b21804,e175e58f816f16a7cc068d06ccff21020fd06a55,0.81234
f41a57ccb41eabeb982c0d821fdf97fe71e1d888,c85ef08e76feec8bd6286bfb8a58d828385f5b72,0.8273
c9149496528393c89381a5a693b48c5b6205a809,90f93de55145b6577525421354ff05842cbe6271,0.86849
8b819a43feab62cb5d8b1502e4989d6689d203c5,b4c00181223122d739d7e8e828e95bcfd493081e,0.83954
eb30449f467942db7d69873ec4943b896c93e074,ad7cf695bcd15516ab63f4a578354dcc5846e451,0.86105
3def8bce0ed8534366af852de94e5923a66615df,82236a9333d4513a30598f5f68e7ae80c1195d3a,0.84534
a9191c76e960aca8f9c9086d66b4499cb0bcd9a5,406f0f4f1223ee334beebf4eaa54c365400bcf7d,0.89295
bfa51ff2999d0e3db5bed185985a236eb10abe47,19c6d6369736d14cfc6d1b53b1990c8ba39b904f,0.8697
167686fbfb64e57d39fdba528a397b2b33a67eeb,4c0209fd2c94703cd65ecd7d6554596f34075208,0.88748
e82a1e2335580caae32746a0c559b7a6ffe9e965,f45f3fffc8e2edb7854cb4e6c4d2c5718771873a,0.84844
f69204299ba29756a8814ae49b62c9fb43d2e418,7029c4c0e5c7a640a8a7d85610fb3a73063f7926,0.89566
9a8d4daa3c6bcb4ec86e6d58f0e49b6f89d98fdf,e67bc490ad64d06901d495afe0fcbcc0f025fce8,0.89935
42098ee48c19ad0b2a262322ce2439b9c8436e0d,6124437cb12ce24a110deae6081a46009babd87c,0.83827
fd15de8ca8750ac4719f390e2fa4ea8ad7946e3c,b7ef50ad1ecdd18273b7f03562b9084ab24f4814,0.85244
bf05a1d1555d1e8d6551ad3b63d7d60ee3f46069,fbc84024f7bf955c2e0795e1d8fb036e98b2fb72,0.85224
0b08c727d878ca29b7855c7e08658af080e9ad7a,ad485208a0dbb7d58ec48680e86a0d33797d6800,0.87953
11645c4fd36c7fc37f33d6b2d5503ea3a361ceab,eb011ef36ba5b515a04d28b9f6ce729fb1cce7a8,0.8449
20bef51ada6a8424492ca6fd4042c4c2795d7615,ec2d0c96872281fc174917cf5eaf2e363168dcfc,0.88135
e2e2acfb4df2f01a18f00b81e576d5cae01c03f8,8d51547edb5b946529fed77e55b6167c5cafba9f,0.86909
d5549b97a9db1b079e3613a05de4d385cc167884,38a975da5da7c834b4b3a38ebfa18a1df6cd0b52,0.84373
2902817dc5c6d6288d3caea831ec7a6e914c094c,678e8e7dbf8dbf86008053cb1c24e869134c2bfa,0.85
4ee5a0177849da12a5507deacdd57c90073c541d,138ce5d9dc248c22230c4bc804b3d1ef5e66fccc,0.85338
b541cd6ddbc99f342036c5c395436ad145cb28f7,0d3d7bc6ae028a6eca02e9450701db9b9a834d8d,0.89441
cb492641bf3739791dcfe9a6305213c54aa93b4b,5046d1ac7319804f818c34f1161baacd22efb7ad,0.83042
6013ba214b7f848cec938bef50726dda9a14a14e,bb328a9ce7db3895633d59a7ad390ce7f557f2f9,0.87623
ec834e5384b6bdb3a35e60e4bd2ba53381e5d938,e29b4ff4d0cca9abe8f34536ee08d46cbd16864a,1
9c9a7ca409cef308ee13c1b710be607029eb39d0,9f13fa0243a0d242a36cde576a38a03d23d77abc,0.86339
c770026ea66dc2eb189240f318750efc6b12c019,bc4d01ba86347632ced0a4ee006b2e0765f83701,0.87398
59efe2aa09387fcc8dca3c9d99a63350a7eeca15,5580e39a5bc5e21d0f439637f0b80fd115614ad6,0.87173
680148875d65ac71973e20c4d00ce109f7561fe6,1da03ed33b5a6b72b2f0cffda3e5764addad16a4,0.8344
e3e22db8126479c014cc0d09051989e09eb6469e,540b39715fe502d1702cf4c95894c82773c4c233,0.84603
d796798a73cf36cb65825ce8cc45c9943d64c8c1,639964f493b3a3f7736f9f4b7935234db1f3446c,0.87587
c87f7136075b823b70a3addaaf0ad5d1c51a60f5,ef4ca223759d7d96a88d155cc94777ac5311e28a,0.88467
4153134d4e56ab7c8ffbf7ff890ed20160fcb2a1,be46f8e7cf703ceae547454a124fb523aa2463e6,0.86313
5d8cf698537ff32003fafea9815a1a477981ec1d,56a5fb512f0cc2d0aab02de7acfafee30e3bc0d7,0.84944
7b9271ec9928cd753badd45c2ac1b76fc9430a70,6211677d4494b9550a6e38f745eb5f17ddb53227,0.85396
fbd5529274020b100804394344fc837a14189d66,45d01ce15e1c9e2870f4b1c7e766e51eb1311812,0.89541
b1b6142af15b5a664f91d17f2ba5b4993e1ce7bc,c63c343a22ef52371a68540bc9c07e3888e8dab9,0.83632
b383bd2f20415da13970262501f99427e8168556,990762e163b0a3345b5a4f7d19a4bdfddb4c06b2,0.88687
9041bb78990bc841e03a33ce2e60f57ef615a937,c2d2b501d5cd1aed0d744796b86033fa312cf261,0.8146
fcc5ed667619a56c6be7fe2a4ba7fb98761f5c03,0c7cba68018a101d4debbe4bf1752cb122878bf4,0.86551
16134017b986eea3f878fa92457d637c14ce9e43,5665767f20b16510941cf8d975e4b135ce06840f,0.87335
bfc60bc6e07da5c9b0664a92d14951ab37a1f094,655447c06c4900c5e754a4a58ddf38ce3c4e0f17,0.84832
9ad4a8a62474b0bfb134a2dda537816c58436bc3,ddd5cc30f54a18b7eba2e146065fdf6475e3ec87,0.86628
8dd6ef6219d8744eb3a6867dd0b8ac70bfcadc52,212e307ec99a74c7c113015eb36d46dc7f4fa2f7,0.86257
1e0dc4655029d7b3d0a9f378bdaa6ed2d6159570,e9565e21d1db6799ae4919d4c67de54a56f771c5,0.85128
6703e5567ac61a532c356ac7fbd15d59ede903c9,107c123852976e2e60811f60fec37e8848222c4b,0.84723
3f14ab674b730b7f6e61b25917610e2adfaa2247,88dd9ab9f4dfffcae4575b07da2b54d708ee61f4,0.89371
b113c08e9a33d76e98f9693ee7a05d7f202626ce,0158ef70a50f2ca3c1f09d36cb2452681562465e,0.88567
5156b10fa39668a89a0d22aa426215769e5c8251,c3449f1b35c5bd4f7565b4516eeaee1ae631b2da,0.86787
02e1bcc7a9fb9d780f6603a6e59e121bbcad138f,72e4f24a7d558bc554542e681fa0fc5e757c680f,0.88421
c6f435082978e604c7456e6acef9da283941c845,217dc9f5cc731ffe71cd80dfbc0e0da90ef61d06,0.83293
0ab6aa1b3dfe0cab9353b6f8ec39a35ef92a4f6d,4652a12446170560ac9532c5396340584c003af0,0.83976
440e2f6dfe7037a35ef695d935ecddbe8361656f,860ef372e3ff9c799c247a858025375c7a7048f4,1
56a28f4d84b1029aa271e37df9aa44cdba13f11e,bff239b9be4bc9eeca9aa340b919a6744d15cf30,0.86692
6777d93f20b31a0ccba02f3bb2de4a0d25c32bf4,d1dc500211a1ccdffb46edbf2173c9844023b66f,0.81104
cf7f4e0093469356c813c83971165d5babde93df,d2cd23ea1961aabf6769e39ce51f568010c6d1a6,0.87498
0e597e196031902d88afb19f58a5e995b7aa8dc0,13a67a919c246c1712ecedc5f436c053e511a168,0.86718
d96ad1249b331b83462bb1a5a4096cf40ceed44a,b970316cdb1479139a97163cd0e266888fefa124,0.84084
32c0b97a9cc1df3d7574cc500e0f473a52e730a9,012afdaa64e9e5275b8125ef736bb4adf7cceb4e,0.82381
918cc58fbe13977e106257a6425100409be58597,1e98cf74ee1cd3e4a565a218d080d228c57d6a53,0.86346
179850f282dc10af88867e09ba98a53d87cf7c0a,38f6e418cb58ce4e02c85c02c4af24ea35ae7f99,1
879cff82c3d77330622e6eb95236358d6dc77b3d,f01d4cf34d860cf8e99ed1ef3cc5381158c0ce7c,0.84346
f26385e6d3f22111b337318c3c2a7da903b69296,61084cb0fb084fb2a8e098d6d77e59a184ee3552,0.86003
76343963aa5153e89eb5a57258b7b0aa635c60b3,8038fd068bd75ebf0de48c42031c5ca90dfa32ce,0.87939
65be501493a8b4a0e805604a04d337ffb0f2821d,4e497977aaa1f9a22e60283c7321a07fd475493f,0.87053
521ee99feaac512db058fe35fb20661a98e499e0,aaae8dc7a7a0d5e5e9175508bfe5a804c81ad120,0.8049
affc58c800cf42ba794c23e7c170aee62d4b7bea,01eeba744de91cb319ba2c6126364313bd145c37,0.87377
a5647aa26e01d05a8f4c9f2fbed143db142d2a58,4d9c2c263d9543d45b71a7141b8404db64fa887e,0.85125
a12416b96c045897ad62c4d9c43bf4056f39c70f,cce455005214ea8bc26be16e3d4440b084f20bf3,0.87107
5f89fd91bebc0dceb3d513d4420bbc502f1fdbb4,f6f3072a0c4dd35cbc0764ba4fd149763afd0a64,0.86161
872392db33b2533c17c9850652a0d63249759027,9476e9492f72edaabee6d0ea2e1949d7096e141d,0.83805
ee7541543365aa56c20521c5995577daf57a3cd5,c7d5ca67a030f6b459144f434d78cf74e4312931,0.88963
9af9e4ddf254a3cd4a98e562d52b29937f0cc6d7,a59779122ad265395828b16137f3555ab804abcd,0.83328
060253b78008cc7b62a4fedd49f3a5dd3ee20085,cede0c0e9aa291e42e0a494ecc27485d5b0369c4,0.86949
a821ae86ae6da4aa9c637a943f60b2fa813d83b7,da56adb67460fe89561fa49c858e980234a7c4e6,0.87224
a39d95895c71df47bc8d2d50e72b5539f4f5a2f5,b770c540afd920066f51d48e27299512cf844e2b,0.85196
62ba860f6477bc94c9774b8cdb5b38135d2bc4c7,325728a7563e266ae59515104ee84fac2df55faa,0.82288
ba5b4be26d1e35b7980d371874a96bdf864ff88f,ff7cc01ace29975a51b411c241e8b2aa890a56e0,0.84908
417df6cdf4306bce376db0edecf8e39253dc5bbb,3fa3f9dbad9b9727bba00640ed1132871593aa02,0.85678
e5a3c69b1bac5797ab82fe855f93af34c311aca6,263ff2e961a548116d33882e34296512a9468ea2,0.85926
2dc9f002e7613add20551ddcd183663520d5bbe8,11f1dfc13e7cc516b003191b504297c5a8bf1959,0.83812
f2f3af718bb90fcfb11b1dded6d7d306ceace64f,43fa0d5a30b4cd72bb7e156c00c1611bb4f4bd0a,0.86462
190cf4e8cd21453bce8bb29397ccf3059e0296de,c3de35f524eea686c32048967fec74392e3a7b95,0.81905
76e10a31abf67da03b2da54d40bfe6f23c3298d5,62302eac0632c26a03367dce2a5b61e0211041b8,0.81473
073903d68c9bafb4c6574d4deece1be4a4a3cfaf,439094a6b638783770bb2c3c5c619807ef37a6d3,0.842
0ccca8cbf64c229ffcc2736419d80a4491787e76,1c4766c479a938326a14f811d3519b623ccd26b2,0.85945
7eec031e261d9206295b82c316e5cb34a6349499,09b0dd576a7577662793dfb963d55c9647bb0d6c,0.86316
dc4ce1d006e71baad7c62200704a18b74b804ee6,5ac9193e69cabcb2bd46226f58b92df90027def5,0.86761
e33bb534cfa7fb339f73bf9aea6002a299c6eee2,262c6686b54823613076853ad62ceec2c447bcb7,0.86298
8de1ea12dbd8ca82658365b0a65aa50d902d93c0,618b11605b61db169ca173e6445b6ae5e82016c5,0.84398
abf80c3254f0ce91c7c35838dba681d39110031f,f02a566ce63c60e4b89f1db8389cfedab53e7030,0.88901
0299c286e198b1cdb0a484a4b18f5d1b435de2b4,13c46f70703f3de240c0407fa13a7971a5d2e300,0.8732
21663acff08ae1c29cc2a6bb6937251bebd35ade,6a0cfaf02a6dc5a74e7d7cf474e27c6fbcea3138,0.83899
330f4bc440505021ec4b08fb46550a417b25c430,661a644037f2d3516b2a3e295bbd570d58646aa5,0.84565
1ea06e6eb44e2161336e32948c9f8cce56513b13,4946d0b040746b6b61a045d6d5fd96ee3178a0be,0.85869
645ab96d851592ffd104d6627e51ff00e3d463f2,01c1087e8f3279949063a7e0846c905809b27fb1,0.8519
67affc8e1105a93a13f79a6ad44e38d121bbcfa7,68fc2a683065cba18b388de45364c78536bc269a,0.8249
834cf205bf4b0a7c4b10b344f3172bfe4afd0ef2,81af0d1036be46f2be4cc581ae4d60b72e556eb5,0.86464
0ede5a389bd6488d3b0aff2a2f81591637ec142b,ceda4ffb9f1f15503e9b86a82e41499af951a8cd,0.81926
8832d1043bb477e28a3c09397bd2994f2f3fa44a,1380e9c97f1b5d4819a509c0efcc929cb3ba2575,0.8862
5a49c32c4209f3a8a698bf7fc89fee2c8c071795,a6c17cf1195a9d56f90f7232db77571d508c7656,0.82723
49ac0fd1f07528a06cc9f93dac39b4c311455126,7ce8af365048dcfc47ab187c8afd9ab3a2c4e58e,0.99902
0de877257dd6947914e51df92eb298c89381946d,373259bc0baa2af2ddb3aa362c37ffba62efcb39,0.86817
f2aa7c1799a83def5421ea0a99c0d870bae1e3aa,94c55a8e50ec3640e71206c9499988a143d61cef,0.82087
e746bca0af0d433d9df7f7708a32bca776ff0afa,15e45e17c53bcd9bcba72f1e423538e33e4b1f94,0.87498
d2e268430e133606f609f82ebec5065cba49235f,263ff2e961a548116d33882e34296512a9468ea2,0.87058
549fd797f18507031331d90545b1a7d343cf33a2,d892a4a57d44881e6a185f1ba60b2409eaf2f385,0.84648
9ca94ef233ae5ab97a715020fc030f7719d117a9,f3fec625d0e264e5bbfe237c274fc4936b22fbcf,0.84375
c21b9b1a40a66c607bfb837b93fcd6959c10411e,c8dc96c48aee91029980f448c75ee66beb94dd2d,0.84995
2c8898a65277a2b5e73640f25aa0b23e06bf616c,8a84bc2e170bd01b8870f17b3486bb0e1b71f970,0.87554
a42dab0917a598342c2de0425025f7d4d12f45de,0eec54ee4c44c565ff3b3776ee531e555a96419a,0.89288
c6643da413fb1d3d28e5e697cd8689d79e3f9dcb,0043d65983203a410248cccf57f4e4b18732ac68,0.86925
12d1057f6b2bb50971922589c1e7644dc2db3cc4,8ddf1c886e1f7954fb68abf0df06009a27d11b7c,0.87421
203fbf3a4679659560d13f02dc355e3ec0f5131e,6b689252e451eba627cf83f500f3dcfce91335c0,0.95019
dd5a065542c2adfa66f2d5fc6104200776006afc,cd6e491eda51f293bbf488e5ac0df9b86101be64,0.85906
0c541b71f17988635bb7722f1a86e65be8b74316,e875a0fd527399709a8985e12f6b8e47a8f0652e,0.87015
31f5311caa2e00aa3429f111927cca2e81c18218,1c2dfa09427f9660c1ba28ba279b045b52c896fc,0.87418
33cd81c611a4e70cda3ef17dc29ba5bd18232e59,4463c912208344f00cf72e796e1021d35316f0dd,0.8581
900008e43165c39a4b044a3112206b968e1568e9,07f27380978b75ec7990ee3b134ecc0221e4f8ee,0.82797
9b1dcf6462b15fe197b45bb11ed38350e6f85e31,746302e6ff9270594cb8254e39104082b07d0a13,0.87336
0aa0076a313838775c2d7fc3a62dbd572387331b,2cfc22acaa3fc6660eb058a13cab81b9bd07536a,0.86331
3f706729362a12b18b9dbf005d8741d1ebd2fd1c,25d421e25113905b45d23e1efcc3d15787afdfef,0.80976
08c499e12cef8a5c1189a5ef194e9a8109264494,9cfe1550ac253228b167e35a484d1f3dff727aaa,0.87945
aa8e69a266d1fac76e4c7163ac7cd3b47bd863b5,e90064d817deb0f0b4ee47a77780df71c7c99c51,0.84901
e6c51b9606c89d79b14d477d8272ed85d066aa79,15556175e64b886b5e4147c303b81ac8556dfdf6,0.87715
ad1f161ab63bc5472f500d789c6f5f6cb1e87b36,4b819eb3bd30da94580625cb6c1785d905be3866,0.85671
87e9784b3dc7ef59d8d75d3a4de9bf8fb3318343,447f04dbf7b0cca749ca96e777109055463da858,0.85665
b854395fe33a358d012b28b4d1c514292109d033,bcc5d0edcec3395129a928a3e91e13c915991e3e,0.86171
010dfb5f4bcb8f5313429af0c005e33dec12b25d,401e8edf213e523e13f6bb5e53cddabdeee144f1,0.86823
b450262a5d5bc72e1d4ef00a464a7d35e4520755,bce9a4be2e67542863e9679109ac04ae70dad7d3,0.83483
d1c0325fc6f0099082ba7d463fb4497a801e48e3,dbe926dd6cc4b375e5b2b6104e5adc2b2e534f4c,0.85779
862131d09825c61f317dc8d6f5b21e092397884e,465d362fa02fbef645b77580502983b00f59d9be,0.89125
09dcdbbaa1ab8e9ff43cb3072aaa015fb0cc4a31,2ffd39114c27f7a6fedce7facd010864e4e1ca75,0.94845
e81a3c02c0874bbfc31add0ae86ce9ca6b426ac9,0883acb53a9ed5160a43277addcd0f0a96109fbe,0.85387
90a7021ed8b57c6e128de0165893c3bdff6c81b9,a11dc33e348f6c1ca913657b91a9737d12ad96f0,0.83764
2160e1b85330e595c3e2c31c732d69868ec23168,85d4f4ffa6ccb8dbcf891b99a5c18a8f6a91e595,0.8703
ac391b1857ea53cec22a98b0728a7265dda0d42a,800fb87b221d5673bea0bc44c637256545b4fc3d,0.86878
584a6eaadff1277d0cb7d513499cfd49a8011697,9b0daf705dfc937b4d9e237bfca49fc5136e8f98,0.94731
5fc4266dacecaa6bc4340574ba91f643bdefca47,df1682001b5972265de9f5694f8cf267bdf9e17d,0.83876
39d5a09c1126a81ea2b574e685df3358b4f56d08,2382789ef5b260e5ea1f8be14a10311828522c5c,0.94686
e877f1f237f02bbec3ad3459176f9973aef0f5c6,eac49bf6c96c740d64f660b7ede758f64623f82f,0.86186
622e26449740e460e7980e99361f294ff9dd1e71,17f07e7b7e33075edc012002643dc6ae6cde86ee,0.85215
bfc1d7dc7ed45a1c6481ab178ec393a4a535692d,184e21baba9fde0f5ab04697754600d9f5412f62,0.87596
1f41967ed1110996466df1600d0506135eedcc02,3e5ac0d1733a525ad70f3dff0673051fb80f3d01,0.88665
6d9aef14b580aa828cdfb8d7bb8ed895410a8632,9cfe37129421124c84e806a1380e1b9a213b2f60,0.82315
ae8f807dda3ada3deffbe688497d3513c520db46,d5cb27244f26c81ef5dd39174d19177c4feb4f51,0.86925
de994dc2854332742351885e2323c435c902ad5b,3c3e252edc8c31d3a88f232e7ff7a650e218a1a1,0.86961
e405aec5051a90edfdb49bf3fed3a45ab27ec6bc,497fa6337b9bbcb36578859cd682bae059132365,0.94671
c0e6f645e7c9e54a8a43e7926822b00dcdb00c9d,565b5235965fb58072b7cd4c6fdf04f93d164907,0.87334
9f9ffcf6f72fcf5b9be7b14f94bbeb3e464737a6,ef56a57d65a078ca41fdb4e0a541bb82a3257474,0.85018
2b8ba8e6c4f517f5d3f488eb6d37f9a7ba65a9cc,f1e0b2383c1a177f9cc3fa385dea079bb27c2f33,0.86799
a40bc413a991e50c5185d92c392a9e9d8f6fb00e,73ed69e9faf033e5092417d3ac25e371caa93c3a,0.85986
ce83c0136c21356751c2346f71627bc06296f3f9,ca9fd8b31ed3e80f4ad8a5588b95de418afc4f9b,0.87859
8da3dfcd65dade34d4898e46226384d60e4dfbb6,a2a01b87583f6b9571949b135a64e7a14c73e148,0.86734
f5cdbf232131065566f46b4737002d43aa6882f5,d55fc1a084a29541b0a7a8b538a0f8edd5124cbf,0.87012
244bbc680328f2dad486b9316304b01366c23d77,8b73f5d2590241fdea119e248a04470db74d23d9,0.84416
3134cec8fc6361de26dd4aca6d6f8e1b4a66399c,8a84bc2e170bd01b8870f17b3486bb0e1b71f970,0.84606
6cf514ac0a6a3ec2cc09b9947370079fb893012d,c7e3ab69b083c42bd8903742628336bb460f3e05,0.89769
e35f2ef5067d87a776c4cd14bd88273a8b8d550f,e9b9e3afb27f9bad7e4b64a1cfada701c19a3f8e,0.88597
9e3c62a44a8c4fb55415a850007d14e842c0114d,2382789ef5b260e5ea1f8be14a10311828522c5c,0.94608
3421e898dcc2562799f97e290a4fb662f15d5fa2,0ad6db9128353742b3d4c8a5fc1993ca8bf399f1,0.85188
dd7e38cb5834cc44e2b4a7f9c1ea0230b0f5f8db,c868b09cc17fea121975cd0b68b44ddd8ebdd24e,0.87875
d0a4d4b582e27ab92a4a66d7484f57263c65c0a0,25139698528decaa271dcebb9f43c5e54c86396c,0.86327
3c3f0cd3df1769a707822e3ce20d09dc6507c409,49ffdbef6f049036bd7785f3a8700f84fc1ac793,0.85233
6c449cbd8578cd9cbbbf50a6fb613f56ccb17afd,590753d56b1c4f23ad600a146bf3ed918cbf720d,0.85218
cd34da13d6d93a80b2647c13a4c5afbd11426aff,0db27a422ecff46e154c7a103394f566ccb2f2d5,0.88349
0ce387e023469cef04f989f91e9dec0ce3ca6fda,4d21a68a828b3ae9d0b1f315e18bfa52f5ec0100,0.87352
38b4151f424be2a7238e1da6c4f6405566aaadbf,427fa5c50e9119c0b47a360a965dca6b77b40ab5,0.84903
9abbcf898f3c60bdfdd453286ed47976b55d53bd,217dc9f5cc731ffe71cd80dfbc0e0da90ef61d06,0.83156
e2d3061cdac69cb484c8109e9a7af2c1e5c573d9,ccd7008bf23aef63a80d91518dbc61ae7f8079d0,0.87156
2a512f1c04ebe01ec7d79e2013aaf7700b5d5d30,78452a6fe39653af41d2671d1fa5371f63637f13,0.88975
146943635db6fd29918ccd426892350bcf443614,9075cfa9f585b9f20ad9458573cdd2655e792700,0.83204
a91b77276b3884ab73a4263d891e6777c82b38fe,9ceaf38c5331310aa0f4ad860ff36476a95b64a7,0.82318
cec72d1748ec8443e67fd7ec37105a1f1075c0ae,168f2ea02c3360599010cfc14ef4cc6fd90a9655,0.84194
6d8e8fa0c8ecbdcb222ed3377a93a6731f1c9fee,99f24c67b491e5d3e2ab30b463e2724e6779610f,0.84557
9caf42c2dd1ca40ef3514083c3558b7617a5a99f,baf9b7377f7146dc00320878d057c234c39032f4,0.83754
1405aaade7a0f8e7a250e3b91a4c1a0160407e54,79eb2116531f8874a3e53fb1c1d161fefcc84d63,0.8414
564e4c7383147f4396e5b6700e2f13cc6a6f809f,f637c677a8cb41767d208185f0f2532645b4dd0c,0.8525
2525b4082e8e47f0b3be0912b2eabe4ef061def3,0ec279513e9e8a0e8f6e7c170b9462b60d9888c6,0.88045
a7a73380c1489840f59b2ac6fe04b1e5447f4ef2,f4e2f9913851a3f6dd3e460d9ef1fce360b83c80,0.94541
8a483a651eceeee23003b6753705193a01589603,aee9efee06610c2c2e9455a7fe8b7fcde3be918f,0.99781
5a621399bb1fee06bbc05258bee80c3c5b555ba3,39ef0482dff689ad2086584fb17d6ae8a014705d,0.98645
b3f6d7a84689b03f8837eb1c32f85c04594b7e15,b9cb8ca628d40007b7ed7e5e87bfb7a718d3f09e,1
1e173fbe85386077cc5b3c0ee96d00a1f6d0cdea,2861d838658ea9c208c11bfad374effb8eeb699a,0.99608
dc8ffe654e580ed1971652d0fcd567215dda1db8,5f84450599989b0f452f4f5418ab5e31a3267b81,0.98935
d250e78a6e977e22ccc85588db7a735a006d7ff7,ac16875cc18f6c21b5be29d822b66cb16763b5e6,0.93805
31675cd76e5ec43354f12a02e109c9680c0bd54e,250e41672bf2fcea16c325d4cbda24ffe9d06149,0.92576
a7747c2309568a8eab700e64c8f8f4f4aa2c6a07,bf731d3fac8c2969d8a268cffa1010d86c1581a5,0.93612
6d0375bb6f455aee58d4f5679a285b980c938995,2d70a67ee45072e3112adb3a0198175f0ea14d0c,0.97939
31221942cf996c3c7fb3149599d4054e8ae0cfa5,d907dad47b79e3829217709b5a60bfb52e698e4d,1
16a8c27d5462f818243966b39c7042258dd760e6,c79c0400e219069cb8edb97acb5b976a118a5333,0.97021
2587bae15ac16a63bcbf644c99e3c0672facbb85,388a32b3fde1893f5af880a38e6a34bca6c0457d,1
f20d4d8baa2d4e12459784327e348da9ec58b692,1abdbb0e0720bbd5a0c687ca612c21eed40c8a74,1
cb71b6b743e090daf54135033e9896050292911a,95316c86a7034c547b7443028528a988617f200e,0.99123
6f2c2b8921bf139a3a275284dfa262e687e1ab16,7be9a32ecdf5cbf880aa1feb4620bae134a5ebb5,0.99118
1a583dd66cc53418ee60dc72a30b8fbf155c61fe,e0af7e17290c5b933c8581c5419416977c6ee4f9,0.93396
f442ecd252265886b619b75d9b1d2234b55143ef,369d0669a6ba7e9fc49f2e0bd276743a4011531a,1
8c520fcd1a333b2f54e7fda2deecc3bc15100ad2,21ddd51b06427d40e81c8c2ffe50cc20b743d011,0.99412
69980b76f1bad4c9f44f11dcbc380159b1b73ca1,82eeee0796834a5e0689526a0fbf518bb436bbb9,0.93353
6ff34f4fd054a506873944356c3caaca899a3512,4a7fd794cab0db97ee7e88123371c1e881ef0562,0.92814
1092ff4fa17b00610d1bd2c32dd135c663baee10,8d9cb3604bae1910c37ef856520e562d825ebcf4,1
1057d19ed095c9bf106cd50c8e6f2025b5b5d8fd,2d971808f228afe6380a0a94cd5503b7c8e6dd6f,0.9328
b82b42ffe4b4b4d9ce0a7cb78cb89337a7fd9701,6879b07ca31917a5bf2199e94d953ed01c15299b,0.98819
40bfddb96418023443ae6c13d5b48acf82b870a0,52828edd66e1581c34c31d783bf9387f45b8b124,0.99902
6d7f580f04df34404a51b1ef95e0987ad02698d3,62c31323008cde6ff872e97dd31b2d06acff6ee0,0.92749
0baf6311bebb726175c8cd7156b8f12294764e54,95bc33f4231cffb946a5c56c74f2d336eef74354,0.92448
a200c08ce26b8667c56fcbb72eeb33da3fb845d5,ba8b8b30ffebe24884cd01c60447c8935587e066,0.92359
745f4e6d382d3460feb486fa205b313c11a430f3,98c1b63a5bd91616bc26b0f7e49eebf0535d51cd,0.90754
545c1b86d21b235192054605538a2d4066e13733,5b73ab89d69f458ecc43420f54a6d39a11eb9dd1,1
4554bb09d6de9403cafb3b1f009268983c73117a,8c92dc8523b5d34d916d2fe26fbea72ab0c564a5,1
4e23905dbd5217c89f73f206fbe76d6daad751db,4a7fd794cab0db97ee7e88123371c1e881ef0562,0.9229
31d737d1bf2a28b10e5bab25ba96bb16a4f647bc,994c1c1451d2fea3163acac596dbccaebf351a4d,1
871a912bf0275ebbdc2a0b2678fa88ee70034668,a7110a7552171a1e40f6708026691efdab26496e,1
e29d2d73e9eec5ba2f1a94a4e9bcc87ad348f598,4fb9489b878330b65dfa45120fca19e4cf462672,0.99723
36b6260453ef6e6a9c4bcd503aebb248dba45743,29c472721ae713f1c1a94fd35b75f540351e8e2b,0.9942
7a409cf8f6a68a3fc317bd52e7c70f33bf7be2df,a1ca227be09598d2063d5895c288f5a29745aff8,1
adb216aa0998059e5e3d4f217686e81fe76d5ca5,1a490121cf23d7baff06a53e2aa06eeca9f4ddeb,0.92044
83814367fcdd9d4dc3e30b5ce7ff0b612c735d5f,2a97f115264aef02c9fa04ab72844905f0b4c993,0.94057
3bfb385e532766f2d23f0506c0997f7741464558,cd0a926f2e7499fb88d309bb88c3af25fee94c10,1
978ba6697d53d27cfad4f64fb91b3ebf3300111a,822b11872c96c52b127bb23376ed4f1919d93d88,0.91907
a636478c6188f580b72061238581a68bbaf7a914,e9b712190f29683d49bb07f27ce591dca58e0ec0,0.94325
a524a4a3441fa4a2b3d07331d0c4940af3130a7a,2f4ae1f68f7979d1aaa3864a2cf88ad572f0213b,1
a5a76e23c874fe07645e413b6c73e791bdc62207,f49b7f84b004e034d9cf7c133a643f2a5e16da87,0.91784
20ef1dc9ed98d8562e78253633a7ded2642eb8b1,6994fa85a80c8acf63db76b53fec0049dc843c08,0.91688
602bae64a8461b1b4b3a9a9dfa168a4d57b3a87d,8c92dc8523b5d34d916d2fe26fbea72ab0c564a5,1
661a5a4e8281f3581c1225a48e8a6d1888c9d319,524dd5bc84a15e8d337bd379686809e30abe4f13,0.99902
12a5fbdf006318de4f7ba0275a5d9c38a21d3e97,a20537fab2a575b54f5a807552b0418108347a47,0.9158
21944dc22bff9fddea2bed042e2cd90d6843af35,a052e2e674ef37f7ae7362fed5774e94400055db,0.91444
699c81f9afafd3f05172b3a1b943f8003b08f815,41e62c3eafda23650fd2fa1f1adcdab9f792d48f,1
63ac5937c548e2de45e2e7eb46a0975c119fa24d,b55523d9a2362609b63c7978ecad59f989a213e0,1
4bfd3ee125acd9f3e34bab08aaa29aeaf0a33f37,80252dd928c89b0bcaf8cc46b7206d3a42034e1f,0.9969
1c76ab97b07c3a3e9544872058fc38ae26ae75dc,2b9a690a9274e6c2076313119a8d928c98f25106,0.94711
d7b72bdf132a894a39d8903fed5a746d5b92dd67,54a121bc1f9a8cfaa88cff8216e96692a9b5b913,0.91395
d85f242f33a2c60edbe82e93aea78157698c2353,4f00e351328676c5608a32791b13ac0d6790dcc1,0.92891
108b4ab1d8e52d7a0edb2f6a7368e880a35fcc82,994c1c1451d2fea3163acac596dbccaebf351a4d,1
d28c718b331a2e20ee850e6067170fec2e21ec7a,3576ec769b23e9e29197d00e9b18753dc221dc24,1
2d8f9401704541a8366fb3e949a4baf9010a9946,7363a67ed5f3d33daefaae7cd05a1cf6b2b26a29,0.9137
9b06add5537b724ead3afaed20b355029993cfba,6734c562b6f460fb6ee4fe840c3481df49fb4158,1
8ad6d302ba1b355f0b96297d6b2b2d39d1d549d3,8c92dc8523b5d34d916d2fe26fbea72ab0c564a5,1
90652f3e33b51b2162a970e2852a44edf5877358,a45a6efc0087e21412306dc3a3b23168638b940a,0.91341
c14a5970fe22ca70101075cdd64ab958fc839f46,5cf466e83ccdabd1c3d88b78217329da753af871,1
8696e4004ee82506af730bbfd54e9599dfa13eaa,ca5ba34c4ab0b11f38e205133ddd1e3e39b86e3d,0.9125
07c79716f11faad87442f0f6785f9828c08c0eb9,d6ed7c6423ee101888b5e4f074162fc13ae22b9f,1
d262abc458f3a2ad039fac8ce1a847f18ad96088,1ad6976a99b2fe1f1a94e65f7b3085c88e309b6a,0.98313
e0a7439f80ca4e32918c205782b3ede9e515b04d,dd24ef117346fd3e4fab8585d4a4685ddcf7f39b,0.91228
1876a8add0e271c5c3c4cedcfd954e8aa2e44370,53e4780f904ab2e84f137410adebf35247f9f505,0.96677
b7d1b41c6bd66df547447b2187afbfe94a91162e,146d0d7f6d82cbcba99b8bc421a09f7f758c4a58,0.98674
9bb03969d2b411638187616ecb193edfe96fd02e,0ae0cba5b411541cc8d9f94e01151fec9d6b9242,0.95237
d58b0c123297c3f6b1e118c5e4dd0b0b7eb0d438,44fa55edcd0b9c8772d3a7c3f2356680d163929f,1
762013f30516cbefc9cdc72c07322bbfcdbffe84,a0d7513d4d6f00c77fda7d52688f6e267685df0d,0.97709
99da7ba027582ebdbd56d4ef811186c43d4ff08c,fd16ea8e2fbe8b50f7fd13fffe4ae38ec607663d,0.99902
114241028fc55bd7fad6477cc8ebcb76b38fecdf,e0788a0179fd3ecf7bc9e65c1c9f107d8f2c3142,0.9119
f9c15d8d6f49010e57196295ce544e3badf77d1a,ebeb342aaa97465e4aef362052c1f5a6099d2158,1
bca153df7c6603ead96c1e5923336a92531b59ac,2b07eff677623b961fed9cf57bd2836734c02c71,0.90451
aa7d8c8245c2e450f16d7390c7f5f474d2fdd65d,2d9b2ba5df0435d040d1ed611df953624a663e0d,0.90118
6be5de2320c8b646f76a01a2d6da0a17b2eff9c1,02b03dce197fcb0184ef37f4e04d3778746af185,0.90095
3e680197e18d204508f144763ab2d1af97629f71,105bd0ef8c72b444ddc9d9ef55a9e65471eadb43,1
a43b8400be36d5809f27e701bd9f7d805aeb03ed,78b3b382b27b07f18f09806475b02abed7f2ff77,0.90071
8a65ff76877eec9a3f3f7347e70ce6578f7356e8,5f448b87d42648e961c2c5c429939d710d9b54b3,0.9966
1d58df73154f01008e0dc1a992b08150edad4f80,df53bb990c887dde2e6cdf6421bab22291d3c38b,0.8963
72dce806e815000d19ce76d12ca6b60ae50224e0,1851a5febf644a992b5d9d409f2a12c9b3d7f825,0.89334
a3a18102b9bc51666dd28b54362414adadc29580,88f8afe3f965b2410a292f55ef720c134c5fcb87,0.89331
0385d5c2f4cfedab9706d424c0c1a3bd461b05aa,fcc3fbf53a930ea9c88a9ff65360591b23b7bb8f,0.88732
4a132b3bb9412ad47cadfe5ee7b3e7ed3529473a,ce33d4fb0c1223fdb78078b2ba95c77663d642f6,1
00eb3529c3cf6d86d8a2d435a463c198d357d3aa,dc59435b3cd3430afa1d81a3ecd38486e3175a53,1
c028cfc57c4e167e41f7c9622ea9c725641ec66e,1928d46694355479f03f50e7acbcaf62d345777c,1
145194bdadb9abefa1a34cdad46a20321c44ab19,43d54d269dc6eca8db0cec211560f74b6b8d96d2,0.88502
e028d4671adb3217746a57b1c45993acf86b7279,93c42fbd6067507b4eb9463885c1d5ee172b6b43,1
8ca75ec5852f4f109c881b4c6ac6a027a72fb43f,c3e48149deb994c7944ebbab2969b41870bb4e4a,0.88297
a7fea0f60e3bd2dc6c101c7ffeeb9539159c6937,124d6c7c6347412ee77b282456180b0647bf2b02,1
d36e14e2468ae8d46eeb3b5522c8fd00cd0918a9,b4c0bf8f54b6de1b83767b8508f96c1dd908de30,0.99804
1246f090dc1a90b9d769f706b3a89031d286cd4f,8f11d218d02bd1c792666b6ad2b759308895d100,1
231046dcf8ccbde67e0598d77bd30fe9aa6d36cf,8e6a982f6e0357117fb2fe9867a7b5f04c5734fc,0.87964
1d781b719fd162017536e8d7a439145cd50f1cb1,6017fd5e33925c7350b3952693f822024f11d2ac,0.95175
da6cca99489565e6f6fb888707f9bda425520f15,0e809601b066098d3eb74d2ae590af8d3dc70dd7,0.87951
4f385e80af25d8b3f4c3dc78e74542517fafa7d8,1f97681a31ae71ac887132f98081b9a81604e35b,0.97299
32a1f3eaed55723a0ff32a9d6028b1846ceab07d,308ead048186d62ba1523e03b313f948a302f300,1
1850c244df17bcd306f49abd2f15f0408eae2e43,8c92dc8523b5d34d916d2fe26fbea72ab0c564a5,1
e3a0c9381ea3131b79c4c1397416441a35e8edea,28c3ff47b4c6ab6e46609b57b27771ced7dc87ca,0.97682
b0133296237cf80e17954c0823410ec90abab00d,b0133296237cf80e17954c0823410ec90abab00d,1
0874443af899fd5b3896afc1b4af57f1bb6d2a30,873b7026c3453ae341fefe25f16f4f5aa58c66d4,0.98459
e5bac9fc507597324681efc9e022e354091f935f,7778d6969be7a14c330fd2012495d7ee92e36ad1,0.87757
454e5611db1b1d5f29b7c4d92c73575ca4eb4200,21cda1062825b8a5fa14f0377b7612712a6c13a6,0.97806
242b4d924b524294dd20a58ac9dbe3f6bde13395,69c444010c47178454a3c0727ac0edfcb7e4b012,0.87703
be5c17564852d3fb0f6d5306453864fa995bdcf3,11857e10ea1257f3e523fbcb7dd4ab3020fc4aba,1
77f9dc003fa0871a5f85d9fe98d69872f8d2e726,5c00cf2820a0373ee85ba3586d07f45afb6b8dee,0.99781
9d39ff3c763d9551a830e90300f377d4ce4fe44d,f50c43cd5718adc960adbf1b70ca5efbe1413bec,0.99902
588eaa86c1a49dae7abfe55c35d28ca5ea8a82f5,2418af2f6f4fda0474dab0be2082e8d3afefa460,1
2330c336f2e09fa830510015bfff1997aee7d382,b980598f52fa2228cb41dd5be05e693eb23a5db2,0.87587
65fdd8e5363d53536f82b1639d01038757bf6bee,1dd55455351c5801796a2ac5af295f230df1f886,0.87347
59dfda48ddacdfa0fb6b23df4c9591720b5bb584,a7896bc67b99424943be54c63660b300a8f8c6a3,1
bcc3605c3de9ac13d04e2e0e3fc1c1df48b18560,076f5965779d04d1b684e9bf2cd22b903ce60de5,1
328b116e127a37561bfea3bdc3bb9e4a7c222639,f1613571a536cfd313a42ae4dd4c796516ca08ab,0.87343
527d4caa758a3abec34370aefc0a6227e73f77d5,f57d1c19b6320149bbb718d8b49d086c4291283e,0.96576
36f38bbe10526e094eb3980041ad5896dcb28409,34543a14d6509a54cc29accd247d0b7f1bfffa1d,0.87058
ff72474bb1a3ac1c47d6d06e8aeb288d7d1b9faf,ec1693115ebd29f264a6169e27d79a324ce911a4,0.96173
c6f908da28dd18775042e5816e85843e574fb7f0,56624bae182b4e1955f59fee467dd7992b6a04bf,1
82169a8c58c138312f510f3af5e3aed833df9928,05de87d12445c0a1411778543fd4ca7ad2153d96,1
d08cd199ae64c7fdeb092b26a522f4358ad8a7f6,3fba727996d8a5f2352fa07872580d191bd32f06,0.86937
5e7d58d2abe5e11004afd6127d6bc892546f663f,7bacb34e22c88a690bf5796bdae64e8f256305d1,0.86689
c9df90192ebb677bf57d7d4e73a8261fac143f4a,05131f0d278827d4ebe4fd7a6e56056d348eba53,1
541ad765406d076559f93e38088ed483d60be474,8b0af125bdc16fa91498ebc56d024230ef60cd77,0.86586
350a6b8109d5d7e8e81b0a4d470b75b8c2bfd76e,ad1081cb51fdc4f02cee0ac1b388f7e945e438ec,0.86556
baf414c17ac5ab9bf13a4dd8b7588f84a6f9ab4b,7c5b50fa95885683b72d5cddcc2c672add6b11cd,0.86196
a8c75223cda1a2f366c5a7a9ffa41c43a7ac06db,7de2cf986630736017941051828e99cf95fc956f,0.98685
7b8ae0d05d29c066ca5aaa881de93775a02d7f92,a316b24ead447926bf3d4367cc1d614a1987f9a6,0.95316
9c0925d0a7d872462ef9b8cf6a63f3d951b6c490,5ccda93901749eb896769a926148f1accfbcf479,0.99412
c41bfc19067809c1db272055d32cae1438eaea6f,71a31b2b4ce798cd29455ed82a537a07fa305c36,0.86049
06fb527af4b1d2b7044a724c6ece7d0588ded20c,6536d270dcf76bacec398cd5f53a11fe071dc1dc,1
a092953f48e1f0313009a4373a3d49e8f9d448b8,8fc8fa51c939b67a0083c208d149480f83ff8c3a,0.85765
18409a1825c639fd82a4d002c77908d6504fabc8,a6a412f50f9b867b9b978a0c8651266afe9a0308,0.94226
a3d73d09e2331871dfda4a1cd0792d04885e86c9,19b03902f14fe460ba5247130cd82f89073ae881,0.84905
d90a74c7f5736170531624ba72f5d93e8fd39927,cc72a36ea2ffa36eb98d623383e2a84993fe7c02,1
5b9c276eff90349a5b476c5f23e9fc96ec188904,f5753f849c03a679642f8a1fc499b74512001e8a,1
071e2d7afbd195e17aaf5ccb158fc66d2e5e3b81,cb3fad0fde799af3eb4adb0be46f25b97578d7d2,0.96704
fcba03c0cee65f5918418b717ebfd9d77a212f8f,f94f9012692de203316ed4511f6ecc3aa24a3be0,1
1db26f0424b7aa1f15d20558ffad009924809752,1db26f0424b7aa1f15d20558ffad009924809752,1
28c5b68bf182c09a3567bca43f18f7527d373906,22a6ea5ffb568280f90adc8a820fa8751c50bd55,0.84775
a018f59e417e676c6ca7fa80681a3021ebb3c91d,26908d525e7cb72bc382893b6766520d0c8b8c12,0.98263
de4f6e3bcd5a839851f70f0df56c41da9797dec3,9c73287bfc788f76994e090b29c5b6195a145606,1
1625d344c1f9b8713ba73b59b7640d139337d6e4,1625d344c1f9b8713ba73b59b7640d139337d6e4,1
5d756deb9e7bdd5d0d64968feaa6b8da7cb286c1,5c4e533e0ee544428a58ac3d00f8dc54c32005bf,1
1e5ef4bbb8c15949e3aa5f627f9b71e94aab0970,fb13310063c0b108975791e367b83e7ce318c5cf,0.84593
d5a39f18ffe8873d58ee0e710d5b352432634262,a1ef323389c0f6c04991b5edb76ffaa562f98439,0.84346
2345b9c202f50ddfb0637d9d993147aa7997053f,931f5ea9b2987c741866bef8daf81ab620c906fa,0.99861
d840deb32e25b36ebf4317d17539bf067a750bfd,84e82ad2f58755fae401981923b4ddf35dba5b7b,0.8425
2e1736462c8bc124400a825334ebc6da91d50bcc,f674292e0b3b0427b33a92c46eada9df4a42956f,0.99804
b6ab6e62a6a34e02f619f52de88c1c16fdf7a420,65dde26627fc3e0e668647960fdc7904c90f5c0e,0.98725
82e3ca429b0aa9a5f8ffa88346d71b22874399f6,78233fcbc9aa2c2ad889dd44a24ab85166de9fb4,0.98224
b70bed2c6d2d2afe485b9921b9a0c48c8b9fca1c,b98f6e135642fcc82b6fd01710f170a37707eb3a,0.90238
c84b579575346cf3916d9ea86e100f9489c8d5b5,76a0a104aaac93f2fd080bc70536123ddfffabb1,1
ce02b88888cf0e37ac88a85d76c076608d9d52e7,4101788743a523396f4f835cad270f345cca1499,0.8414
9cf91cd6812604c7282319e04541ae2e1fd556a1,dc91748cd7238be524cb0b3098057ee3d7ed81bf,0.99253
b7a0f73666bb346c3d457e4d969738f4a7b8f9d8,d77da77b41515e29b8997930e5e05e11b9b61b68,0.84022
d2871c1ee250dabab841eff76455064fef66ac28,b5c9ff0da0e8633b55879bdb75f0aa6078a0ec3f,0.83697
829bd92c9a503f5cd91a8932a2f2dff17faa1a0d,82bee357d5a8d246ebe0834b9302cb87c1ba5ca7,1
2b8f59ac9b35c1a1271acf7ed2b88f2dded4a9fc,d75490ef31e84e00223b30ae0496f2620e10d99a,0.99804
00d969827d0f064a2ed4cf4f2fafbbf6300d1bb1,4732736cbe38aad79bdf4feec5467bb11332f914,0.9871
a4ddca74ab08e74dbc7b23981e96f87bc3a04455,217ab4b6b96e4652f767bb6be2aae4b3c1500b2b,1
581a8ca76184f62201ea863d157bf5ef8cc0e15c,789041a3d00944e6cad3a36bad46c3385591b57f,0.97262
4a4170df1abf89fe6b1d2bcf53bd7d36320baea5,4a4170df1abf89fe6b1d2bcf53bd7d36320baea5,1
8000f114e05a7885ad6c9ed2f168dbead35ed8e1,c21e81a9472e19444bfca73aaa17ddfd9390f96b,1
cf9669a04ab6f625058a6ab73cc6d0c894774070,e2565eedee4c97bc38f9da808621dd9079ec94cf,0.96609
d588d833b62718a784ce6dd732b61dc03161208d,20e65d852c794368b78416b86b9ac1638474d751,1
35bacf4d3c67ba7c0a29bad4e2cf97f465fdf6cb,25cbf4f1259c72de77f5e4afbd67b05d4d17a298,0.99706
a61de4ea13edd3eb0f3c6e92ae5ccd7bb94a6d8a,6f25c2cdf0be5f02589becd1a6c09c227ed9d314,0.8338
c7735254d6fbf700434d043e9732f9cfdbacb77f,c7735254d6fbf700434d043e9732f9cfdbacb77f,1
f1611b0f8612c38dc58088b15394cad6902f63bf,3497d9c6fef990b9ef231f9b3fd9520ab4c72747,0.8312
2f354a71903ac3c446cc0d9d38689a19bfddc79b,a28105f484095b6f66fc8950fa6d145a09ee1f36,0.98614
97a2cf7e826d8d990dbbcaf0bbf8be03865f6d6e,1957907b0466f1d5d760a0e786194130ef998145,0.99902
cdfc1c35df87bae8469f1bb4c622abf3068ce48a,f94f9012692de203316ed4511f6ecc3aa24a3be0,1
95f9c5854ef7e64a35fa8058655900319ade3782,9321b83eed9dbde1154ec1065ffdfcd3ab7f413a,0.96055
e0f377b9a90ed2675178e2a67900ce98a7df7f02,c2f8c72892cde042840180581768e14ed520d9ab,0.82499
64ca547af1a84282a14eb6d593f8ac8dd23b753e,adc85dfa2001d2482a07929f5691632448069e19,0.99134
8268cfdaf30eee6b86a94498de42421f8f2b331a,61bd1a244265bdba7e020b40d416511f0b61248a,1
1eb86a69ed46cafb4e0bd6a7bcda118e0d283734,f4b10384f96bdac7165c005c7d4217eb829ed197,1
3c47ca10df31e98e3d80c82a001e537c16ede5d3,ff8caa43a6e92146db64957e7d7b9f50b2db45c2,0.99314
645c195239a74c5ec8a2e9982f19530ade54dc19,ab76391334f6e10631e4f4ee641c63a4a80a2ac5,1
6f22198add3236510eb405d96d921abdceddc113,4596d8959288e7afdd33e500faa925ec5cc5a937,0.99112
3d1a6ad23f69d99c69a8c1c0907c2818dd52f626,e88790c08701269a375927a95321936ac47c96d3,1
cbeab7f63568bcf9a2641790df3623069fde1e0b,4c75c8d9a60b57742d65260fc51f5d75fce8750b,1
a08c5599c44e8fd83ac0766c3880dfc200d14b6c,aaf08322e04cf246112ce90c7e17ab6e8d7e5735,0.82347
11cd18fba5d52816921174a9bd8d2649af793d0e,d5912441afe8431fe9cdd62d1ac5b8ae4654eb0a,1
6001f30214ca74afd597b697d70742c0f69808d0,81d890ce8878be9fb5e04e484eb3433a0666392f,1
df1e88f4851a0a9d5b187f52c71496eb282d3489,f04d4edff4b0f363be4522c1df2d0c173a2b9e0d,1
3f470446103d855bb1131b9bf46c6297f5c38820,ea7340de27a2bc47b6cec303348fd7c1af7d7176,0.98322
9bd9a73ac2b1555df884a6f1f869a4949716c498,6e0d41d0c4847b582a8c3d4180450ff09a3cceb5,0.82312
1cd4717c1bef50098a105eb404cde06a1171fbb7,10c6ddd54f7680f3e1550e4c0dd1f9d391dd297d,0.81345
66d6033cbd1e3a832a29c620db4d514a0e953100,81d890ce8878be9fb5e04e484eb3433a0666392f,1
f440ca910629925666bb134be765b0c49e3a56be,6faa8c055d54b20d85ec36ceb03287d8235389bc,0.92617
42e07b8eb081e295bfe88bbfc64224279b1f8aa4,6de9c03a9aae1edf482361115cf929425fe1cf44,0.99216
277f6349469c4714f5e516dfab1dd3b7978b6431,7dec171cac781a00bcbed148b03fcb4365cfb078,1
6a04b642e9108ae91fe4636e87741354cda58434,7ef47641a2744d8c2cc6049c0d63fe98103491ed,0.81095
874d781da67ccd16eab5b05db425d8a974c8130d,77f2c35fb7cfa7adc4c2b8415230b0dbf97eeaf6,0.99902
382c9e66dd66a80d6eda87ddd4247cb050d777a8,23df2cbc2596a6f6ae4f02b691848a43cf6827a4,1
528206c6f3a343677748f5c7178034a26098d8be,bf77030bcbf2d6da996e2e5db3253f8ce49469d3,1
c70b0389ac14cefcdcc4dcfa8660bb9847b801ab,2729c8743d5e35716f22417a1141f52e190202ad,0.99706
f550ee5c1efcfce13ed87d782f07851cbd642e23,4fc053c7e0bbc88513086b4778ccb56bd417d74f,1
a481b22d9bedc263ed8fe19fb0c2e7094628c202,5d532b26496d5af67b470ab031eddb13e5d25465,0.80652